id,make,model,year,color
1,Chevrolet,Corvette,1994,Mauv
2,Land Rover,Discovery Series II,1999,Orange
3,Pontiac,Grand Prix,1975,Khaki
4,Dodge,Ram 1500 Club,1997,Goldenrod
5,Volkswagen,GTI,1986,Aquamarine
6,Mitsubishi,3000GT,1998,Khaki
7,Chevrolet,Blazer,1998,Mauv
8,Porsche,Cayenne,2011,Aquamarine
9,Toyota,RAV4,2006,Puce
10,Audi,4000s Quattro,1986,Crimson
11,Mazda,RX-7,1991,Orange
12,Mazda,MX-5,2012,Red
13,Mitsubishi,Lancer,2001,Green
14,Hyundai,Elantra,1994,Purple
15,Dodge,Daytona,1993,Indigo
16,Ford,LTD Crown Victoria,1986,Khaki
17,Nissan,Sentra,2003,Purple
18,Volvo,V70,2004,Orange
19,Chevrolet,Sportvan G10,1993,Aquamarine
20,Volkswagen,Jetta,1993,Yellow
21,Mercedes-Benz,SL-Class,1996,Red
22,GMC,Canyon,2011,Puce
23,GMC,2500,1999,Indigo
24,Honda,Insight,2004,Crimson
25,Pontiac,Grand Prix,2007,Fuscia
26,Plymouth,Breeze,2000,Pink
27,Chevrolet,Corsica,1992,Yellow
28,Nissan,Sentra,1992,Fuscia
29,Lincoln,MKZ,2011,Teal
30,Nissan,NV1500,2012,Teal
31,Nissan,Versa,2007,Violet
32,Jeep,Wrangler,1997,Violet
33,Land Rover,Range Rover Sport,2012,Aquamarine
34,Mazda,MX-5,2007,Aquamarine
35,Mercedes-Benz,CLK-Class,2009,Red
36,Volkswagen,rio,1995,Yellow
37,Kia,Rio,2011,Teal
38,Lotus,Esprit,2003,Aquamarine
39,Mercury,Mountaineer,1997,Purple
40,Buick,Verano,2012,Maroon
41,BMW,Z4 M,2008,Puce
42,Dodge,Ram Van 1500,1997,Red
43,Ford,Explorer,2009,Crimson
44,Subaru,Legacy,1992,Khaki
45,Mazda,626,1995,Indigo
46,Ford,Escape,2011,Blue
47,Mercury,Monterey,2007,Puce
48,Ford,Explorer Sport,2002,Crimson
49,Mercury,Grand Marquis,1998,Turquoise
50,GMC,Jimmy,1995,Goldenrod
51,Mercedes-Benz,S-Class,1998,Red
52,Chevrolet,Suburban 1500,2010,Maroon
53,Saab,9-3,1999,Teal
54,Suzuki,Sidekick,1989,Blue
55,Suzuki,SX4,2009,Turquoise
56,Toyota,Corolla,2012,Puce
57,Volvo,XC90,2012,Orange
58,Scion,xD,2012,Mauv
59,Plymouth,Laser,1991,Turquoise
60,Mazda,B2000,1985,Aquamarine
61,Pontiac,Grand Prix,1977,Red
62,Infiniti,QX56,2011,Teal
63,Ford,F250,2005,Blue
64,Volkswagen,GTI,2009,Khaki
65,Chevrolet,TrailBlazer,2008,Maroon
66,Saturn,Astra,2009,Red
67,BMW,M3,2011,Teal
68,Ford,F-250 Super Duty,2006,Yellow
69,Dodge,Ram Van 3500,1998,Purple
70,Ford,Fusion,2012,Khaki
71,Honda,Civic,1985,Teal
72,Volkswagen,Passat,2010,Purple
73,Volkswagen,Cabriolet,1990,Maroon
74,Mazda,B-Series,1993,Goldenrod
75,Dodge,Ram 3500,2008,Goldenrod
76,Nissan,Maxima,2003,Yellow
77,Buick,Rendezvous,2004,Pink
78,Buick,Roadmaster,1992,Khaki
79,Lexus,ES,1995,Puce
80,Oldsmobile,Intrigue,1999,Khaki
81,Dodge,Ram 2500,2001,Puce
82,Mazda,MPV,1996,Orange
83,GMC,1500,1997,Pink
84,Mercedes-Benz,E-Class,2010,Mauv
85,Hyundai,Tucson,2011,Purple
86,Mitsubishi,Chariot,1987,Red
87,Nissan,300ZX,1996,Violet
88,Scion,tC,2005,Mauv
89,Mitsubishi,Sigma,1989,Violet
90,Subaru,Brat,1984,Violet
91,Land Rover,Range Rover,1986,Turquoise
92,Shelby,GT350,1969,Aquamarine
93,Porsche,Cayman,2011,Maroon
94,Chevrolet,Cobalt,2008,Turquoise
95,Volkswagen,GLI,2009,Yellow
96,Land Rover,LR2,2010,Turquoise
97,Land Rover,Range Rover,1994,Green
98,Acura,RL,2001,Orange
99,Nissan,Quest,2008,Aquamarine
100,Toyota,Land Cruiser,1995,Red
101,Toyota,Camry Solara,2008,Indigo
102,Toyota,T100,1994,Red
103,Oldsmobile,98,1996,Maroon
104,Acura,MDX,2005,Fuscia
105,Ford,Taurus,2011,Aquamarine
106,Pontiac,GTO,1968,Aquamarine
107,Volvo,XC90,2005,Maroon
108,Hyundai,Veloster,2012,Teal
109,Hyundai,Sonata,2010,Goldenrod
110,Chevrolet,Astro,2004,Maroon
111,Chevrolet,Silverado 2500,2008,Aquamarine
112,Toyota,Tacoma,1996,Orange
113,Ford,Five Hundred,2007,Goldenrod
114,Nissan,Altima,1998,Teal
115,Chevrolet,Cobalt,2007,Teal
116,Cadillac,XLR-V,2009,Puce
117,GMC,Rally Wagon 3500,1992,Orange
118,Mercedes-Benz,CLK-Class,2004,Green
119,Lamborghini,Diablo,1999,Mauv
120,Subaru,Impreza,1995,Blue
121,Mercury,Mariner,2006,Mauv
122,GMC,Canyon,2010,Aquamarine
123,Mercury,Marquis,1985,Violet
124,Eagle,Talon,1994,Pink
125,Mazda,MX-6,1991,Purple
126,Ford,E-350 Super Duty,2006,Turquoise
127,Mitsubishi,Excel,1988,Yellow
128,Infiniti,JX,2013,Crimson
129,Bentley,Continental Flying Spur,2006,Orange
130,Lexus,SC,1993,Pink
131,Ford,Mustang,1995,Turquoise
132,Dodge,Ram 1500,2004,Turquoise
133,Chrysler,Town & Country,1996,Indigo
134,Dodge,Viper,1994,Green
135,Dodge,Intrepid,1994,Red
136,Ford,Flex,2010,Teal
137,Volkswagen,Golf III,1993,Khaki
138,Infiniti,I,2004,Aquamarine
139,Cadillac,Escalade EXT,2007,Goldenrod
140,Plymouth,Voyager,1992,Mauv
141,Porsche,911,2011,Turquoise
142,Audi,TT,2011,Blue
143,Mercury,Mariner,2010,Turquoise
144,Mazda,Protege,1993,Khaki
145,Volkswagen,Touareg,2009,Pink
146,Chevrolet,Silverado,2008,Turquoise
147,Volvo,S80,2012,Goldenrod
148,Oldsmobile,Cutlass Supreme,1995,Red
149,Bentley,Mulsanne,2012,Crimson
150,Porsche,Panamera,2013,Red
151,Mitsubishi,3000GT,1995,Turquoise
152,Pontiac,Torrent,2009,Yellow
153,Jaguar,XK,2012,Maroon
154,Mercedes-Benz,E-Class,2007,Violet
155,Cadillac,CTS,2009,Orange
156,Isuzu,Rodeo,1996,Turquoise
157,Ford,Falcon,1967,Pink
158,Mercedes-Benz,CLK-Class,2009,Green
159,Volkswagen,GTI,1998,Fuscia
160,Audi,A8,1999,Crimson
161,Hummer,H1,1995,Maroon
162,Mercedes-Benz,S-Class,2010,Goldenrod
163,BMW,X5,2003,Crimson
164,Audi,TT,2000,Mauv
165,Hyundai,Tiburon,2005,Pink
166,Lincoln,Town Car,1985,Teal
167,Ford,Fusion,2012,Khaki
168,Mercury,Mariner,2005,Indigo
169,Mercury,Capri,1984,Crimson
170,Mitsubishi,Montero,1999,Red
171,Ford,Expedition,2003,Pink
172,Infiniti,QX,2004,Maroon
173,Volkswagen,Eos,2008,Teal
174,Buick,Regal,1998,Puce
175,Pontiac,Grand Prix,1970,Purple
176,Mercedes-Benz,M-Class,1999,Goldenrod
177,Chevrolet,Venture,2005,Aquamarine
178,GMC,Jimmy,1993,Mauv
179,Jeep,Wrangler,2003,Purple
180,Honda,Civic,2008,Red
181,Lexus,GS,2006,Blue
182,Pontiac,Safari,1989,Blue
183,Ford,E-Series,2003,Khaki
184,Toyota,Yaris,2010,Aquamarine
185,Mercedes-Benz,E-Class,1998,Indigo
186,Oldsmobile,88,1996,Fuscia
187,Ford,F450,2010,Puce
188,Nissan,Datsun/Nissan Z-car,1990,Goldenrod
189,Chevrolet,Impala SS,1994,Aquamarine
190,Honda,Civic Si,2005,Fuscia
191,Ford,Aspire,1994,Turquoise
192,Hummer,H3,2007,Blue
193,Saturn,Sky,2007,Fuscia
194,Oldsmobile,Ciera,1992,Red
195,Pontiac,Firefly,1995,Teal
196,BMW,Z4 M,2006,Aquamarine
197,Mercedes-Benz,SLK-Class,2007,Green
198,Mercury,Sable,2003,Indigo
199,Chevrolet,Express 2500,2011,Crimson
200,Kia,Rondo,2008,Red
201,GMC,1500,1998,Purple
202,Dodge,Ram Van 1500,1999,Fuscia
203,Kia,Sorento,2013,Violet
204,Ford,F450,2008,Goldenrod
205,Lamborghini,Gallardo,2003,Goldenrod
206,Chevrolet,Corvette,1992,Pink
207,Chevrolet,Equinox,2006,Fuscia
208,GMC,Vandura 1500,1992,Indigo
209,GMC,Acadia,2007,Indigo
210,Jeep,Commander,2006,Turquoise
211,Chevrolet,Suburban 1500,1997,Mauv
212,Nissan,Altima,1997,Mauv
213,Mercedes-Benz,400E,1992,Khaki
214,Jaguar,XF,2010,Yellow
215,Lexus,RX,2006,Mauv
216,Buick,LeSabre,1987,Turquoise
217,Acura,NSX,1998,Crimson
218,Porsche,Carrera GT,2004,Mauv
219,Audi,S4,2010,Pink
220,Toyota,FJ Cruiser,2008,Red
221,Ford,Focus ST,2013,Pink
222,GMC,1500 Club Coupe,1992,Mauv
223,Lexus,IS,2008,Mauv
224,Volkswagen,Jetta,1997,Yellow
225,Volkswagen,GTI,1996,Turquoise
226,Lincoln,Town Car,1987,Pink
227,Bentley,Brooklands,2010,Goldenrod
228,Mitsubishi,GTO,1998,Maroon
229,Volkswagen,Touareg,2012,Crimson
230,Mitsubishi,Mirage,1998,Goldenrod
231,Volvo,V90,1998,Indigo
232,Volkswagen,Rabbit,2006,Crimson
233,Saturn,Relay,2005,Maroon
234,Buick,Riviera,1986,Goldenrod
235,Subaru,Baja,2004,Goldenrod
236,Chrysler,Town & Country,1994,Violet
237,Lexus,ES,1989,Puce
238,GMC,Sonoma,1996,Khaki
239,GMC,Sierra 3500,2003,Turquoise
240,Chevrolet,Volt,2011,Teal
241,Chrysler,Town & Country,2000,Mauv
242,Dodge,Ram 1500 Club,1998,Yellow
243,Cadillac,Fleetwood,1994,Goldenrod
244,Ford,F450,2010,Orange
245,Audi,A6,2007,Mauv
246,Volvo,V90,1998,Crimson
247,Audi,S6,2011,Turquoise
248,Volvo,V70,2004,Maroon
249,Pontiac,Grand Am,2000,Red
250,Volkswagen,Golf,1985,Goldenrod
251,Toyota,Solara,2007,Red
252,Lincoln,LS,2003,Puce
253,Mercedes-Benz,CL-Class,1998,Pink
254,Subaru,Legacy,1995,Purple
255,Lincoln,Navigator L,2012,Indigo
256,Subaru,Outback,2003,Maroon
257,Scion,xB,2004,Indigo
258,Volkswagen,Touareg,2006,Maroon
259,Mazda,Mazda5,2006,Goldenrod
260,Nissan,Pathfinder,2006,Khaki
261,GMC,Safari,1995,Yellow
262,Subaru,Legacy,2006,Goldenrod
263,Mercedes-Benz,M-Class,2006,Teal
264,GMC,Savana,2012,Turquoise
265,Ford,Econoline E350,2000,Khaki
266,Saab,9-3,2008,Violet
267,Volvo,S60,2013,Pink
268,Volvo,XC90,2012,Red
269,MINI,Cooper Countryman,2012,Violet
270,Volkswagen,Passat,2003,Yellow
271,Toyota,Tundra,2010,Turquoise
272,Ford,Th!nk,2002,Goldenrod
273,Maybach,62,2005,Maroon
274,Dodge,Ram 2500,2007,Fuscia
275,Porsche,911,2001,Orange
276,Isuzu,Amigo,1993,Orange
277,Ford,Ranger,2011,Blue
278,Honda,Civic Si,2005,Fuscia
279,Porsche,Cayenne,2003,Purple
280,Kia,Spectra,2001,Blue
281,Cadillac,Seville,1998,Violet
282,Volvo,S40,2000,Khaki
283,Volkswagen,GTI,2007,Aquamarine
284,Nissan,Frontier,2005,Orange
285,Lexus,ES,2007,Orange
286,Aston Martin,Rapide,2011,Fuscia
287,Oldsmobile,Achieva,1993,Violet
288,Ford,Explorer Sport,2001,Fuscia
289,Honda,Pilot,2009,Aquamarine
290,Dodge,Ram 1500,1995,Goldenrod
291,Dodge,Neon,1996,Red
292,BMW,7 Series,2000,Violet
293,Saturn,S-Series,2001,Purple
294,Kia,Soul,2010,Green
295,Chevrolet,S10 Blazer,1993,Aquamarine
296,Saturn,L-Series,2001,Mauv
297,GMC,Yukon,2010,Khaki
298,Chevrolet,Camaro,2000,Yellow
299,Cadillac,Escalade ESV,2012,Blue
300,Honda,CR-V,2012,Goldenrod
301,Chevrolet,Corvette,1970,Red
302,Porsche,911,1989,Mauv
303,GMC,Safari,2004,Puce
304,Volvo,S60,2012,Pink
305,Audi,TT,2001,Maroon
306,Chevrolet,Express,2007,Blue
307,BMW,530,2007,Yellow
308,Saab,9-2X,2005,Teal
309,Isuzu,VehiCROSS,2001,Yellow
310,Dodge,Ram 2500,1998,Green
311,Honda,Element,2010,Maroon
312,Volkswagen,Tiguan,2011,Goldenrod
313,Hyundai,Tucson,2008,Teal
314,Suzuki,Aerio,2007,Puce
315,Dodge,Ram Wagon B250,1993,Violet
316,Nissan,Titan,2004,Pink
317,Chevrolet,Corvette,1953,Blue
318,Pontiac,Grand Prix,1987,Aquamarine
319,Volkswagen,Jetta,2004,Purple
320,Mazda,Navajo,1993,Maroon
321,Mazda,B-Series Plus,1998,Teal
322,Dodge,Ram 3500,1996,Orange
323,Volkswagen,Corrado,1992,Indigo
324,Infiniti,G37,2012,Green
325,Mercury,Villager,1998,Goldenrod
326,Mercedes-Benz,E-Class,1986,Khaki
327,Audi,5000S,1988,Turquoise
328,Chevrolet,Suburban,2011,Mauv
329,Ford,Expedition EL,2010,Purple
330,Volvo,V70,2008,Blue
331,Kia,Sedona,2009,Crimson
332,Land Rover,Range Rover,2002,Purple
333,Cadillac,Seville,2001,Yellow
334,Dodge,Ram Van B250,1992,Blue
335,Tesla,Roadster,2010,Red
336,Hyundai,Accent,2008,Puce
337,Pontiac,Tempest,1961,Yellow
338,Oldsmobile,Silhouette,1994,Yellow
339,Ford,Transit Connect,2010,Mauv
340,Suzuki,Vitara,2001,Pink
341,Audi,200,1989,Fuscia
342,Volkswagen,Cabriolet,1999,Maroon
343,Mercedes-Benz,C-Class,1994,Yellow
344,BMW,5 Series,1995,Fuscia
345,Dodge,D150,1993,Pink
346,Hyundai,Tiburon,1998,Teal
347,Oldsmobile,Cutlass Supreme,1995,Purple
348,Nissan,Quest,2009,Violet
349,Hyundai,Santa Fe,2008,Goldenrod
350,Acura,MDX,2005,Puce
351,Infiniti,Q,2006,Fuscia
352,Toyota,Camry,2001,Violet
353,Honda,Civic,2010,Aquamarine
354,Mitsubishi,Montero Sport,1999,Fuscia
355,Mitsubishi,Pajero,2005,Mauv
356,Pontiac,Grand Prix Turbo,1990,Indigo
357,Subaru,Outback,2001,Green
358,Ford,Ranger,1997,Pink
359,Mercedes-Benz,E-Class,2000,Pink
360,Chevrolet,HHR Panel,2006,Puce
361,Audi,S8,2006,Mauv
362,Toyota,RAV4,1998,Violet
363,Chevrolet,Avalanche 1500,2003,Crimson
364,Buick,Regal,1999,Violet
365,Mercury,Lynx,1984,Mauv
366,Honda,S2000,2003,Yellow
367,Audi,200,1990,Crimson
368,GMC,Safari,1992,Khaki
369,Chevrolet,G-Series G30,1995,Mauv
370,Kia,Forte,2012,Maroon
371,Isuzu,Amigo,1993,Aquamarine
372,GMC,1500 Club Coupe,1992,Green
373,Lexus,LX,1999,Orange
374,Mercedes-Benz,S-Class,2009,Maroon
375,Chevrolet,Metro,2000,Teal
376,Mercury,Mystique,1998,Teal
377,Toyota,Prius,2010,Aquamarine
378,Chevrolet,Corvette,2006,Aquamarine
379,Ram,1500,2012,Mauv
380,Spyker,C8 Laviolette,2004,Yellow
381,Land Rover,Freelander,2011,Orange
382,Buick,Rendezvous,2002,Purple
383,Saturn,L-Series,2001,Orange
384,Cadillac,Seville,1994,Purple
385,GMC,Suburban 2500,1999,Aquamarine
386,Mercedes-Benz,E-Class,2008,Maroon
387,Mazda,B-Series,1998,Violet
388,Geo,Tracker,1992,Orange
389,Mercedes-Benz,190E,1993,Green
390,Mazda,Mazdaspeed 3,2012,Goldenrod
391,Mercedes-Benz,SLR McLaren,2009,Aquamarine
392,Toyota,Prius,2012,Red
393,Ford,Escape,2012,Aquamarine
394,Lexus,ES,1999,Turquoise
395,Bentley,Continental,2008,Maroon
396,Ford,Thunderbird,1983,Maroon
397,Nissan,Xterra,2009,Indigo
398,Lexus,RX,2004,Aquamarine
399,Ford,Focus,2011,Orange
400,Mazda,MX-5,1990,Teal
401,Chrysler,300,1999,Crimson
402,BMW,7 Series,2005,Turquoise
403,Ford,Econoline E250,2000,Aquamarine
404,Toyota,Land Cruiser,1993,Indigo
405,Volkswagen,Jetta III,1994,Maroon
406,Audi,A4,2008,Indigo
407,Toyota,Highlander,2007,Orange
408,Pontiac,Firebird,1984,Khaki
409,Lexus,LX,2004,Aquamarine
410,Cadillac,STS-V,2008,Orange
411,Land Rover,Range Rover,2008,Green
412,Jeep,Liberty,2002,Turquoise
413,Toyota,Corolla,2004,Teal
414,Volvo,S80,2010,Fuscia
415,GMC,Sonoma Club Coupe,1996,Turquoise
416,Ford,E150,2005,Maroon
417,Ford,Windstar,2002,Aquamarine
418,Hummer,H1,1994,Yellow
419,Chrysler,300,2005,Purple
420,Toyota,Avalon,2002,Aquamarine
421,Buick,Skylark,1986,Green
422,Buick,Skyhawk,1987,Blue
423,Spyker,C8,2005,Blue
424,Chevrolet,Avalanche 1500,2003,Pink
425,Volkswagen,Touareg,2004,Green
426,Porsche,Boxster,1999,Blue
427,Infiniti,FX,2010,Indigo
428,Toyota,MR2,1994,Indigo
429,GMC,Envoy,2009,Orange
430,Chevrolet,Corvette,2012,Crimson
431,Saturn,L-Series,2005,Purple
432,Honda,CR-V,2008,Green
433,Chevrolet,Silverado 3500,2008,Green
434,Mercury,Grand Marquis,1999,Indigo
435,Ford,Expedition,1998,Teal
436,Jaguar,XJ Series,1999,Green
437,Chevrolet,1500,1999,Yellow
438,MINI,Cooper Clubman,2009,Violet
439,Buick,Park Avenue,1991,Yellow
440,Subaru,Outback,2004,Violet
441,Lexus,ES,2011,Puce
442,GMC,1500 Club Coupe,1995,Orange
443,Chevrolet,Camaro,1973,Purple
444,Aston Martin,Vantage,2009,Orange
445,Chevrolet,Suburban 2500,2001,Blue
446,Lexus,RX,1999,Puce
447,MG,MGB,1977,Pink
448,Plymouth,Horizon,1978,Maroon
449,BMW,M5,2002,Khaki
450,Subaru,Brat,1986,Teal
451,Suzuki,Samurai,1995,Purple
452,Mazda,B-Series Plus,2002,Yellow
453,Pontiac,Sunbird,1988,Pink
454,Dodge,Ram 1500,2009,Fuscia
455,Dodge,Ram 1500 Club,1999,Orange
456,Mercedes-Benz,S-Class,2010,Goldenrod
457,Pontiac,LeMans,1967,Khaki
458,Nissan,Xterra,2009,Crimson
459,Dodge,Grand Caravan,2007,Aquamarine
460,Honda,CR-V,2001,Red
461,BMW,525,2002,Purple
462,Dodge,Ram 1500,2005,Indigo
463,Mercedes-Benz,S-Class,1985,Aquamarine
464,Plymouth,Voyager,1998,Mauv
465,Audi,S6,2002,Turquoise
466,Infiniti,G25,2011,Mauv
467,Nissan,Maxima,1990,Goldenrod
468,Infiniti,G,1993,Red
469,Honda,Civic,2010,Yellow
470,Mercedes-Benz,C-Class,2000,Purple
471,Volkswagen,Golf,1983,Teal
472,Honda,Pilot,2005,Puce
473,Mitsubishi,Truck,1996,Indigo
474,Porsche,928,1985,Turquoise
475,Lexus,GX,2003,Blue
476,Geo,Metro,1997,Orange
477,Nissan,Quest,1994,Khaki
478,BMW,Z4,2004,Aquamarine
479,Lincoln,MKZ,2012,Maroon
480,Suzuki,Daewoo Lacetti,2008,Indigo
481,Pontiac,GTO,1965,Mauv
482,Mercury,Grand Marquis,2003,Green
483,Toyota,Tercel,1992,Puce
484,Cadillac,XLR,2007,Indigo
485,Saturn,S-Series,1995,Yellow
486,Pontiac,1000,1984,Violet
487,Chrysler,LeBaron,1992,Goldenrod
488,Maserati,Quattroporte,2008,Maroon
489,Pontiac,GTO,1973,Purple
490,Peugeot,207,2006,Puce
491,Mazda,MX-5,2007,Khaki
492,BMW,3 Series,2002,Khaki
493,Audi,4000s,1985,Mauv
494,Chevrolet,Uplander,2008,Fuscia
495,Volkswagen,Vanagon,1984,Indigo
496,Fillmore,Fillmore,1960,Maroon
497,Mercedes-Benz,SL-Class,2003,Yellow
498,Plymouth,Colt Vista,1993,Aquamarine
499,Hyundai,Sonata,1992,Maroon
500,Audi,S6,1995,Pink
501,Toyota,4Runner,1994,Crimson
502,Lincoln,Town Car,1986,Pink
503,Mitsubishi,Mirage,1988,Yellow
504,Ford,E350,2006,Maroon
505,Nissan,Frontier,2003,Khaki
506,GMC,Suburban 1500,1998,Maroon
507,Audi,A5,2010,Red
508,Cadillac,Fleetwood,1993,Goldenrod
509,Ford,E-Series,1992,Turquoise
510,Chrysler,300,2007,Fuscia
511,Honda,S2000,2003,Orange
512,Chevrolet,Prizm,1999,Aquamarine
513,Ford,Bronco II,1987,Blue
514,Infiniti,G,2003,Teal
515,Mazda,B-Series,1993,Goldenrod
516,Ford,Fairlane,1966,Fuscia
517,Mazda,323,1995,Violet
518,Mercedes-Benz,W123,1977,Aquamarine
519,Chevrolet,Equinox,2008,Turquoise
520,Mercury,Lynx,1985,Khaki
521,Fiat,Nuova 500,2012,Goldenrod
522,GMC,Sierra 1500,2000,Khaki
523,Subaru,Forester,2008,Khaki
524,Mitsubishi,Montero,1996,Orange
525,Ford,F250,2010,Yellow
526,Ford,Escape,2002,Fuscia
527,Ford,Taurus,2002,Maroon
528,Volkswagen,Scirocco,1987,Blue
529,Chrysler,Concorde,1996,Aquamarine
530,Kia,Sorento,2008,Mauv
531,Hyundai,Accent,2004,Yellow
532,Toyota,Prius,2003,Indigo
533,Chevrolet,Express 3500,2006,Red
534,GMC,Savana 1500,2006,Mauv
535,Volkswagen,Golf,1993,Mauv
536,Toyota,RAV4,2007,Yellow
537,Mercedes-Benz,M-Class,1998,Fuscia
538,Mercury,Mountaineer,2006,Mauv
539,Dodge,Ram Van 3500,2000,Green
540,Mitsubishi,Mighty Max,1994,Maroon
541,Acura,SLX,1997,Goldenrod
542,Hyundai,Tucson,2012,Indigo
543,Geo,Tracker,1992,Goldenrod
544,Volkswagen,Golf,1983,Violet
545,Jeep,Wrangler,1995,Green
546,Ford,Thunderbird,1987,Mauv
547,Mazda,B-Series Plus,1999,Crimson
548,Buick,Century,2003,Indigo
549,BMW,6 Series,2008,Puce
550,Honda,Civic,2011,Orange
551,Hyundai,Elantra,2010,Blue
552,Kia,Sportage,2008,Teal
553,Infiniti,G,1995,Aquamarine
554,Pontiac,Bonneville,1989,Blue
555,Mazda,B-Series,2002,Fuscia
556,Mercury,Mountaineer,2005,Crimson
557,Suzuki,Aerio,2002,Orange
558,Jeep,Grand Cherokee,1997,Teal
559,Audi,90,1993,Violet
560,Acura,NSX,2005,Violet
561,Suzuki,Cultus,1985,Indigo
562,Mercury,Montego,2007,Fuscia
563,Mazda,B-Series Plus,1994,Goldenrod
564,Mercury,Topaz,1994,Yellow
565,Toyota,Matrix,2009,Teal
566,Aston Martin,Vantage,2011,Green
567,Volkswagen,Tiguan,2012,Yellow
568,GMC,Yukon,2002,Orange
569,Saturn,L-Series,2003,Puce
570,BMW,1 Series,2011,Maroon
571,Chrysler,Concorde,2003,Blue
572,Porsche,911,1986,Mauv
573,Dodge,Dakota Club,1993,Goldenrod
574,Dodge,Ram 1500 Club,1999,Red
575,Honda,Element,2009,Indigo
576,Buick,Lucerne,2010,Goldenrod
577,Hummer,H3,2010,Puce
578,GMC,Sonoma,2004,Indigo
579,Volkswagen,Fox,1988,Orange
580,Chevrolet,Avalanche 2500,2004,Orange
581,Lexus,ES,1994,Turquoise
582,Volkswagen,Cabriolet,1997,Puce
583,Cadillac,Seville,1992,Turquoise
584,Hyundai,Elantra,1993,Fuscia
585,Audi,RS 4,2007,Khaki
586,Jaguar,XK Series,2003,Aquamarine
587,Toyota,Sienna,1999,Yellow
588,Pontiac,Grand Prix,1966,Teal
589,Chevrolet,Camaro,1995,Violet
590,Lexus,LFA,2012,Turquoise
591,Chrysler,Prowler,2001,Pink
592,Porsche,Boxster,2011,Teal
593,Volvo,C70,2013,Orange
594,Mercedes-Benz,SLK-Class,2010,Aquamarine
595,Maserati,GranSport,2005,Green
596,Lotus,Esprit,1989,Puce
597,Volkswagen,Jetta,1993,Fuscia
598,Pontiac,Grand Am,1987,Aquamarine
599,Nissan,370Z,2011,Pink
600,BMW,X6 M,2012,Teal
601,Mercedes-Benz,E-Class,2006,Goldenrod
602,Mazda,929,1987,Purple
603,Audi,A4,2004,Green
604,Honda,Civic,1995,Purple
605,Dodge,Ram Van 2500,1999,Mauv
606,Chrysler,300M,2000,Pink
607,Chevrolet,Venture,1999,Indigo
608,Volkswagen,Golf,2004,Red
609,Lincoln,Navigator L,2009,Violet
610,Land Rover,Freelander,2010,Goldenrod
611,Volkswagen,Eurovan,1994,Blue
612,Acura,Legend,1993,Mauv
613,Mazda,B-Series,1987,Mauv
614,Nissan,NX,1993,Violet
615,Mazda,RX-8,2006,Purple
616,BMW,760,2004,Khaki
617,Bentley,Continental,2008,Blue
618,Subaru,Tribeca,2011,Mauv
619,Mitsubishi,Lancer Evolution,2003,Khaki
620,Oldsmobile,Silhouette,2000,Turquoise
621,Hyundai,Excel,1993,Yellow
622,Mercury,Lynx,1986,Khaki
623,Lexus,RX Hybrid,2006,Blue
624,Ford,Thunderbird,1992,Violet
625,Plymouth,Grand Voyager,1997,Pink
626,Ford,Explorer,1999,Puce
627,Mazda,MX-5,2003,Red
628,Mazda,B-Series,2001,Teal
629,Toyota,Corolla,1999,Red
630,Saturn,Relay,2007,Mauv
631,Chevrolet,Express 2500,2004,Blue
632,Toyota,Echo,2000,Teal
633,Chevrolet,Silverado 3500,2007,Puce
634,Dodge,Stratus,2003,Blue
635,BMW,7 Series,2003,Maroon
636,Lexus,LS,2009,Mauv
637,Citroën,CX,1989,Crimson
638,Mazda,Tribute,2008,Indigo
639,Acura,RL,1999,Mauv
640,Suzuki,Cultus,1985,Khaki
641,Ford,F150,2003,Orange
642,Lincoln,MKX,2007,Blue
643,Mercedes-Benz,CLS-Class,2010,Blue
644,GMC,Rally Wagon G2500,1995,Orange
645,Lexus,GS,1996,Yellow
646,Dodge,Neon,1996,Pink
647,Pontiac,Sunfire,1996,Puce
648,Subaru,SVX,1994,Green
649,Lincoln,Aviator,2004,Red
650,Chevrolet,Corvette,1973,Orange
651,Nissan,Altima,2001,Maroon
652,Nissan,Quest,2011,Teal
653,Mazda,Mazda3,2010,Maroon
654,Mazda,CX-9,2012,Blue
655,Scion,tC,2011,Violet
656,Chevrolet,Silverado 1500,2008,Crimson
657,Mercury,Grand Marquis,2000,Violet
658,Chevrolet,Cobalt SS,2008,Green
659,Pontiac,GTO,1970,Violet
660,Dodge,Viper,2010,Indigo
661,Volkswagen,Type 2,1988,Maroon
662,Mitsubishi,GTO,1997,Mauv
663,Lincoln,MKT,2012,Turquoise
664,Chrysler,Town & Country,2000,Crimson
665,Subaru,Forester,2006,Crimson
666,Ford,Explorer,2001,Green
667,Dodge,Ram Van 2500,2003,Purple
668,Saab,9000,1990,Mauv
669,Mercury,Tracer,1992,Aquamarine
670,Pontiac,Grand Am,1995,Purple
671,Jeep,Patriot,2012,Purple
672,Lotus,Esprit,2002,Mauv
673,Ford,Probe,1992,Goldenrod
674,Suzuki,Verona,2006,Puce
675,Honda,Odyssey,2002,Fuscia
676,Honda,Civic Si,2005,Teal
677,Honda,Civic GX,2003,Puce
678,Cadillac,CTS,2003,Teal
679,BMW,7 Series,2004,Aquamarine
680,Studebaker,Avanti,1964,Turquoise
681,Oldsmobile,Silhouette,1992,Crimson
682,Toyota,Tundra,2001,Blue
683,GMC,Sonoma,2001,Puce
684,Volvo,S70,1998,Khaki
685,Chevrolet,Suburban 2500,1998,Maroon
686,Toyota,Prius c,2012,Orange
687,Lotus,Elise,2009,Indigo
688,Cadillac,Escalade,2011,Maroon
689,Ford,Explorer Sport Trac,2003,Maroon
690,Honda,Civic,1999,Khaki
691,GMC,Yukon,2001,Green
692,Cadillac,SRX,2007,Aquamarine
693,Ford,Probe,1995,Maroon
694,Pontiac,Trans Sport,1996,Green
695,Mitsubishi,Truck,1987,Purple
696,Chevrolet,Venture,2002,Purple
697,GMC,Sierra Hybrid,2006,Mauv
698,Mazda,CX-5,2013,Fuscia
699,Mazda,MX-5,2002,Goldenrod
700,Lincoln,MKX,2010,Pink
701,Kia,Optima,2005,Mauv
702,BMW,Z4 M,2006,Teal
703,Dodge,Ram Van 3500,2002,Teal
704,Chevrolet,Blazer,2003,Aquamarine
705,Audi,100,1993,Purple
706,Dodge,Ram 1500,2010,Orange
707,Toyota,Tacoma Xtra,2000,Green
708,Saturn,Ion,2006,Turquoise
709,Mercedes-Benz,500SL,1992,Aquamarine
710,GMC,Savana 3500,2007,Purple
711,Ford,Explorer,1996,Goldenrod
712,BMW,M5,2000,Orange
713,Dodge,Spirit,1995,Purple
714,Land Rover,Range Rover Evoque,2012,Fuscia
715,Maserati,Quattroporte,2008,Pink
716,Chevrolet,Silverado 2500,2003,Green
717,Ford,Taurus,2006,Puce
718,GMC,Jimmy,1992,Green
719,Mitsubishi,Truck,1993,Orange
720,Ford,Mustang,1965,Khaki
721,Acura,RDX,2008,Khaki
722,Audi,A4,2003,Aquamarine
723,Ford,F-Series,2009,Indigo
724,Land Rover,Freelander,2004,Turquoise
725,GMC,Yukon XL 1500,2013,Pink
726,Mercury,Tracer,1998,Blue
727,Chevrolet,Astro,1994,Pink
728,Ford,Mustang,2006,Violet
729,Mitsubishi,Eclipse,1996,Maroon
730,BMW,530,2007,Blue
731,Mazda,Familia,1989,Red
732,Ford,Courier,1986,Red
733,Ford,Crown Victoria,1998,Green
734,Acura,CL,1997,Goldenrod
735,Hyundai,Genesis Coupe,2011,Blue
736,Nissan,Maxima,2009,Pink
737,Audi,80,1989,Yellow
738,BMW,650,2006,Maroon
739,Mercedes-Benz,S-Class,2008,Indigo
740,Mazda,Mazda3,2012,Puce
741,Chevrolet,G-Series G20,1995,Aquamarine
742,Dodge,Ram 2500 Club,1998,Goldenrod
743,Volkswagen,Rabbit,2008,Indigo
744,Maserati,GranTurismo,2009,Khaki
745,Dodge,Ram 3500,1998,Teal
746,Kia,Rio,2002,Khaki
747,GMC,Yukon,1993,Aquamarine
748,Volvo,C30,2009,Maroon
749,Mercury,Sable,2005,Orange
750,Lexus,SC,1996,Crimson
751,Pontiac,Torrent,2007,Puce
752,Mercury,Montego,2006,Goldenrod
753,Toyota,Celica,2005,Aquamarine
754,Mazda,626,1987,Khaki
755,Hummer,H2 SUT,2006,Turquoise
756,Plymouth,Colt,1992,Mauv
757,Chevrolet,Express 1500,2002,Mauv
758,Buick,Regal,1998,Goldenrod
759,Ford,Explorer Sport Trac,2005,Blue
760,Volkswagen,Type 2,1988,Green
761,Mazda,Miata MX-5,1999,Green
762,Mercedes-Benz,C-Class,2008,Maroon
763,Acura,RL,1999,Red
764,Chevrolet,Malibu,2011,Khaki
765,Hyundai,Elantra,2002,Violet
766,Pontiac,G5,2008,Orange
767,Lexus,RX Hybrid,2010,Fuscia
768,Mitsubishi,Eclipse,2005,Aquamarine
769,Ford,Taurus,1996,Blue
770,Pontiac,Sunfire,1999,Pink
771,Plymouth,Voyager,1998,Blue
772,Ford,Focus ST,2013,Yellow
773,Toyota,Corolla,2010,Orange
774,Lexus,LS,2009,Yellow
775,Mercedes-Benz,400E,1993,Teal
776,Mercedes-Benz,SLS AMG,2011,Aquamarine
777,Ford,E250,2004,Purple
778,Ferrari,430 Scuderia,2009,Fuscia
779,Toyota,Tercel,1998,Aquamarine
780,Toyota,Xtra,1994,Orange
781,Chevrolet,G-Series 1500,1997,Teal
782,Mitsubishi,Galant,2008,Indigo
783,Mercedes-Benz,400SE,1992,Green
784,Volkswagen,Passat,1993,Yellow
785,Dodge,Ramcharger,1993,Maroon
786,Plymouth,Sundance,1994,Pink
787,Mazda,MX-5,2005,Orange
788,Pontiac,Grand Prix,1982,Khaki
789,Ford,Focus,2011,Goldenrod
790,Scion,xD,2008,Purple
791,GMC,Yukon,2008,Aquamarine
792,Ferrari,California,2010,Crimson
793,Chevrolet,Impala SS,1994,Indigo
794,Nissan,350Z,2004,Crimson
795,Jeep,Grand Cherokee,1997,Red
796,Lincoln,MKZ,2012,Purple
797,Jeep,Wrangler,1994,Green
798,Ford,F350,2005,Red
799,Mercedes-Benz,CLS-Class,2008,Mauv
800,Ford,F350,1993,Purple
801,Mercury,Marquis,1985,Yellow
802,Ford,Aerostar,1993,Fuscia
803,Mercedes-Benz,SL-Class,2012,Turquoise
804,Volvo,C70,2013,Green
805,Mercedes-Benz,CLS-Class,2008,Pink
806,Mercury,Cougar,1987,Indigo
807,Mazda,B-Series Plus,1999,Orange
808,Chevrolet,Suburban 1500,2002,Purple
809,Pontiac,Firebird,1986,Aquamarine
810,Dodge,Grand Caravan,2004,Pink
811,Volkswagen,Jetta,2007,Teal
812,Hyundai,Elantra,2008,Purple
813,Audi,A8,2009,Aquamarine
814,Pontiac,1000,1985,Maroon
815,Mercedes-Benz,300TE,1992,Blue
816,Cadillac,Eldorado,1992,Goldenrod
817,Mercedes-Benz,E-Class,1998,Aquamarine
818,Nissan,Altima,1996,Maroon
819,Chevrolet,Avalanche 1500,2005,Pink
820,Lamborghini,Murciélago,2003,Khaki
821,Maybach,Landaulet,2009,Goldenrod
822,Saturn,Aura,2008,Crimson
823,Mazda,RX-7,1988,Teal
824,Bentley,Arnage,2009,Khaki
825,Toyota,Tacoma,2009,Red
826,Volkswagen,Touareg,2012,Fuscia
827,Audi,90,1988,Orange
828,Mazda,Mazda6,2013,Indigo
829,GMC,Envoy,2004,Pink
830,Ford,Courier,1986,Maroon
831,Porsche,Cayenne,2009,Green
832,Chevrolet,Suburban 2500,1993,Maroon
833,Chevrolet,Caprice,1977,Mauv
834,GMC,Terrain,2011,Violet
835,Toyota,Highlander,2006,Puce
836,Acura,NSX,1997,Indigo
837,Mercury,Lynx,1984,Maroon
838,GMC,Rally Wagon 3500,1992,Yellow
839,Honda,Accord,1985,Purple
840,Chevrolet,Corvair 500,1963,Fuscia
841,Volkswagen,Jetta,1988,Maroon
842,Ford,Crown Victoria,2001,Khaki
843,GMC,Yukon XL 1500,2009,Violet
844,Ford,Model T,1909,Puce
845,Volkswagen,rio,1998,Red
846,Mercury,Mariner,2005,Red
847,Chevrolet,Express 1500,2009,Green
848,Chevrolet,Express 3500,1999,Goldenrod
849,Audi,A8,2010,Teal
850,Porsche,Boxster,2010,Green
851,Pontiac,Grand Prix,1986,Pink
852,Subaru,Justy,1988,Green
853,Pontiac,Bonneville,1991,Teal
854,Pontiac,Firebird Trans Am,1986,Indigo
855,Pontiac,Parisienne,1984,Crimson
856,Chevrolet,Express 1500,1997,Indigo
857,Mazda,Tribute,2003,Violet
858,Mazda,Protege,1993,Violet
859,BMW,7 Series,2003,Yellow
860,Volvo,S60,2012,Green
861,Dodge,Ram Van 1500,1997,Goldenrod
862,Ford,Excursion,2001,Puce
863,Nissan,Murano,2010,Turquoise
864,Hyundai,Santa Fe,2011,Red
865,Pontiac,Firefly,1995,Crimson
866,Porsche,968,1995,Blue
867,Porsche,Boxster,1999,Puce
868,Hyundai,Entourage,2009,Aquamarine
869,GMC,Suburban 2500,1994,Pink
870,Ford,E250,2008,Blue
871,Plymouth,Voyager,1996,Blue
872,Mercedes-Benz,M-Class,1998,Fuscia
873,Mazda,Navajo,1994,Turquoise
874,Subaru,Brat,1984,Puce
875,Suzuki,Daewoo Lacetti,2008,Maroon
876,Lexus,GX,2008,Blue
877,Ford,Mustang,1966,Orange
878,Volvo,S60,2005,Turquoise
879,Dodge,Ram Van B250,1992,Aquamarine
880,Chevrolet,1500,1998,Red
881,Mazda,MPV,1991,Orange
882,Maybach,62,2010,Fuscia
883,Toyota,4Runner,2003,Aquamarine
884,Hyundai,Sonata,2005,Goldenrod
885,Chevrolet,Express 1500,2009,Blue
886,GMC,Sierra 1500,2004,Mauv
887,Mercury,Tracer,1991,Aquamarine
888,GMC,Savana 3500,2011,Mauv
889,Ford,Galaxie,1964,Teal
890,Maserati,Quattroporte,2011,Violet
891,Audi,Quattro,1985,Violet
892,Saab,9-3,2005,Fuscia
893,Mercedes-Benz,C-Class,1996,Violet
894,Hyundai,Sonata,1993,Yellow
895,Mazda,Familia,1990,Fuscia
896,Mazda,B2000,1985,Teal
897,Lamborghini,Aventador,2012,Turquoise
898,Ford,Laser,1985,Yellow
899,Lexus,IS,2007,Khaki
900,Lexus,LS,1999,Indigo
901,Audi,riolet,1996,Yellow
902,Mercury,Cougar,1988,Khaki
903,Ford,F250,1995,Orange
904,Mercedes-Benz,W201,1984,Khaki
905,Oldsmobile,Aurora,1999,Mauv
906,Chevrolet,Blazer,2002,Maroon
907,Lincoln,Navigator L,2009,Khaki
908,Pontiac,Turbo Firefly,1988,Mauv
909,Volvo,C30,2009,Violet
910,Mitsubishi,Mirage,1998,Turquoise
911,Chevrolet,Impala,2010,Goldenrod
912,Pontiac,Solstice,2006,Aquamarine
913,Nissan,Sentra,1992,Yellow
914,Suzuki,Esteem,2001,Red
915,Lincoln,MKT,2010,Goldenrod
916,Honda,Odyssey,1999,Violet
917,Toyota,MR2,2000,Red
918,Ford,Taurus,2013,Pink
919,Chevrolet,Corvette,2002,Turquoise
920,Hyundai,XG300,2001,Maroon
921,Toyota,Supra,1997,Crimson
922,Chevrolet,Impala,2011,Turquoise
923,Lotus,Esprit,1990,Crimson
924,Hyundai,Excel,1992,Aquamarine
925,GMC,3500,1999,Pink
926,Jeep,Compass,2010,Teal
927,Hyundai,Elantra,2006,Goldenrod
928,Honda,Insight,2005,Khaki
929,Subaru,Forester,2012,Teal
930,GMC,Sierra 3500,2005,Blue
931,Subaru,Impreza,2002,Indigo
932,Kia,Sorento,2007,Yellow
933,Pontiac,Grand Prix,1965,Violet
934,Honda,Passport,1997,Blue
935,GMC,3500 Club Coupe,1993,Indigo
936,Pontiac,GTO,2006,Pink
937,Buick,LeSabre,1985,Teal
938,Mercedes-Benz,CL-Class,2002,Puce
939,Chrysler,Town & Country,1995,Turquoise
940,Aston Martin,V8 Vantage,2006,Blue
941,Ford,Expedition EL,2011,Yellow
942,Subaru,Impreza,1995,Indigo
943,Lincoln,Navigator,2004,Purple
944,Lamborghini,Diablo,1990,Teal
945,BMW,8 Series,1995,Maroon
946,Saab,900,1993,Mauv
947,Nissan,Murano,2005,Red
948,Mitsubishi,Montero Sport,2000,Blue
949,Subaru,SVX,1992,Indigo
950,Isuzu,Trooper,2000,Turquoise
951,Studebaker,Avanti,1963,Red
952,Audi,A6,1996,Fuscia
953,Volkswagen,Jetta,2008,Aquamarine
954,Hyundai,Elantra,2005,Crimson
955,Chevrolet,Tahoe,2005,Maroon
956,Toyota,Celica,1992,Puce
957,Mitsubishi,Galant,1988,Teal
958,Lamborghini,Gallardo,2005,Khaki
959,Nissan,Quest,1995,Aquamarine
960,Alfa Romeo,164,1992,Khaki
961,Dodge,Intrepid,2003,Goldenrod
962,Cadillac,CTS,2010,Aquamarine
963,Pontiac,Firebird,1997,Teal
964,Chevrolet,HHR,2006,Teal
965,Dodge,Ram 1500,2004,Khaki
966,GMC,Safari,2001,Indigo
967,Lexus,SC,2007,Mauv
968,Isuzu,Amigo,1998,Yellow
969,Honda,S2000,2005,Teal
970,BMW,3 Series,2011,Aquamarine
971,Cadillac,Catera,1999,Yellow
972,Mercedes-Benz,500SEL,1992,Yellow
973,Buick,LaCrosse,2006,Maroon
974,Subaru,Impreza,2010,Puce
975,Mitsubishi,Endeavor,2009,Aquamarine
976,Dodge,Ram Van 2500,1999,Fuscia
977,Hyundai,Tiburon,1997,Violet
978,Isuzu,Ascender,2004,Yellow
979,Volvo,S60,2008,Turquoise
980,Dodge,Challenger,2011,Aquamarine
981,Toyota,Camry,2005,Khaki
982,Hyundai,Elantra,2000,Aquamarine
983,Ford,LTD,1986,Purple
984,Austin,Mini Cooper,1961,Aquamarine
985,Dodge,Ram Van 1500,1997,Teal
986,Ford,Taurus,2003,Aquamarine
987,Isuzu,Impulse,1992,Purple
988,Chevrolet,Cavalier,1993,Pink
989,Eagle,Talon,1997,Maroon
990,Toyota,Avalon,2001,Khaki
991,Mazda,B-Series Plus,1997,Yellow
992,Mazda,Miata MX-5,2005,Green
993,Honda,Passport,2002,Crimson
994,Volvo,V50,2011,Aquamarine
995,BMW,X5,2013,Puce
996,GMC,1500,1996,Yellow
997,Audi,S6,2007,Turquoise
998,Chevrolet,Silverado 1500,2006,Yellow
999,Plymouth,Sundance,1994,Teal
1000,Saturn,S-Series,1993,Pink
